Search Keywords,Username,Context
protection,,
recently,shallow,
,guess,
branch,hello,
quite,,
baseball,,name
older,success,
enemy,,
slide,,
nails remember,species,
island,,
particles something,,
look,rubber,
,up,
bear possibly,,
than,,
daily dog,,
house master,,readme
tent,,
tent,,
equally horn,,
treated express,dig,
deer memory,,
familiar having,bigger,
son nature,,
week,agree,
week,agree,
once butter,,
kill sum,carbon,
cage,,
attempt,pleasant,readme
attempt,pleasant,readme
proper,plate,
,,
good,into,
tight vessels,,
tight vessels,,
energy,silence,
only,lips,name
storm cloud,,topics
strong lower,,name
shop rays,drawn,topics
division,,topics
road,,
road,,
wrapped pure,,
wolf,,
practical thing,,
say,,name
money,myself,topics
us measure,,topics
include horse,affect,
snow,station,topics
weight column,,
accurate gain,,
ranch,,description
noon,art,
join,,
join,,
,charge,
season baseball,,
cage if,low,description
,,
frozen leather,green,description
final old,does,
dream simplest,pain,
but,,
whom support,court,readme
fox,,
discover,,readme
involved product,threw,
once because,enough,
earlier,,topics
,tall,
farm particularly,red,
effort means,drink,
many evidence,,
fell high,,
older manufacturing,attempt,
,,
fellow,,name
come outside,,
through,,
selection,strength,
chest,talk,topics
cover,sit,
mouse,,topics
,,
pure garden,,readme
,,
whole quiet,,
connected,possibly,
protection,,name
attack,,
rich,greatest,
he,six,
expect parallel,rhyme,
,cage,name
steep happily,,
strike,paid,
guard,planned,
gravity,clean,readme
rest sit,interior,
share,,
boat,continent,
medicine master,stay,
cattle plant,,
numeral,sharp,
numeral,sharp,
weak bicycle,,
instead,,
busy thumb,tower,name
tiny measure,,
tail blanket,,
tail blanket,,
become,memory,topics
underline,,
,,
fast,upper,
horse watch,signal,
apartment,,
ground follow,,
aid upper,,
single up,deep,
easier,,
,salmon,
attention,burst,
easy,,
finest traffic,track,description
view,,
harder written,,readme
area settlers,suit,
boy adult,bell,topics
won chosen,,
done pleasant,mirror,
open save,making,name
cry indeed,,
syllable,,
able,both,
question,has,
lift indicate,population,
story halfway,,readme
story halfway,,readme
,,
act,,
act,,
definition,try,
definition,try,
dull pet,variety,
say port,poet,
drop chest,,
minute,seed,description
dug,,
dug,,
instant,,name
him heading,,
minute,,
identity tea,shaking,
corner count,,
once,class,topics
little furniture,,
value,,
hollow hospital,,
sale changing,,
,needle,
struck,,
tape,,description
war,chosen,
path coffee,,
personal,during,
cattle,war,name
seen,,
worse,,
prepare silent,,
,,
,bush,
lack,,
lack,,
nearest nervous,individual,name
stage sheep,never,
zoo creature,bare,
dry,house,
fur,power,
fur,power,
coast,,
game lungs,,
east busy,quite,
least,neighborhood,
bright,whale,
son black,,
song greater,such,name
song greater,such,name
race drove,,
occur,community,
dinner particles,,topics
seed,,
seed,,
highest line,,description
later minute,,
frighten,protection,
road what,happen,
road what,happen,
have its,,
distant,,
but,,
captain,promised,
,,
middle,though,
yesterday,,
express test,case,
sing,loud,
border bet,,
crew boy,,
positive round,,name
refused,torn,
consist,,
flag attached,,
out,remain,
basket,,
past met,largest,
ask for,,
,,
salmon,,topics
anything driver,poem,
hung,dead,
company,,
sound,,
our musical,,
corner layers,,
cup,everything,
cup,everything,
necessary,,description
arrive meet,,
page satellites,great,
teeth put,believed,topics
invented newspaper,log,
us,,
contain wait,,
sold,obtain,
enemy substance,typical,
farm,unhappy,
race,adventure,
still ordinary,worried,
still ordinary,worried,
baseball,,name
upper highway,,
upper highway,,
men,,
men,,
oxygen,,